序号,题型,题干,答案选项A,答案选项B,答案选项C,答案选项D,试题（选项E）,正确答案
1,单选,职业道德是从事一定职业的人们在职业活动过程中所应遵循的（    ）和行为规范的总和。,道德原则,政治义务,职业守则,立法制约,,A
2,单选,职业道德是一种内在的（    ）的约束机制。,强制性,非强制性,随意性,自发性,,B
3,单选,下列选项中，属于新的职业道德观念的核心理念是（    ）。,尽忠职守,服务意识,公德意识,劳动技术,,B
4,单选,职业道德的（    ）特征反映各行各业的职业特点，鲜明地表达着职业义务、责任以及行为上的道德准则。,鲜明职业性,内容多样性,相对稳定性,较强适应性,,A
5,单选,《公民道德建设实施纲要》明确提出，要大力提倡以（    ），为主要内容的职业道浴, 爱国守法、明礼诚信、团结友善、勤俭自强、敬业奉献,爱祖国、爱人民、爱劳动、爱科学、爱社会主义,爱岗敬业、诚实守信、办事公道、群众服务、奉献社会,尊老爱幼、反对迷信、不随地吐痰、不乱扔垃圾,,C
6,单选,下列选项中，不属于职业道德具有的特征是（    ）。,范围的有限性,内容的稳定性和连续性,行业的多样性,形式的多样性,,C
7,单选,职业道德在企业文化中占据重要地位，而职工是企业的主体，因此企业文化必须以（    ）为中介。,企业环境,企业职工,企业作风,企业环境,,B
8,单选,增强职业道德，可以（    ）增强企业内部凝聚力。,协调员工之间的关系,增加员工福利,为员工创造发展空间,调节企业与社会的关系,,A
9,单选,职业道德不能通过（    ）的关系，增强企业的凝聚力。,协调企业职工间,调节领导与职工,协调职工与企业,调节企业与市场,,D
10,单选,职工道德修养是指（    ）在道德的意识、道德行为方面的自我锻炼、自我改造和自我提高。,劳动保障协理员,失业人员,从业人员,退休人员,,C
11,单选,提高职工道德修养的前提是（    ）。,确立正确的人生观,学习先进人物的优良品质,培养自己良好的行为习惯,同旧思想、旧意识及不良现象作斗争,,A
12,单选,下列关于职业道德的说法中，正确的是（    ）。,职业道德与人格无关,职业道德的养成只能靠教化,职业道德只能靠制度规约,职业道德从一个侧面反映人的整体道德素质,,D
13,单选,爱岗敬业是人类社会最为普通的（    ）精神，它看似平凡，实则伟大。,艰苦奋斗,无畏,刻苦,奉献,,D
14,单选,朱熹指出的“专心致志，以事其业”说的是（    ）。,敬业精神, 奉献精神,公仆意识,意志品质,,A
15,单选,以下不是爱岗敬业的具体要求是（    ）。,树立职业理想,强化职业责任, 提高职业技能,不择手段升职,,D
16,单选,团结进取的基本要求不包括（    ）。,加强协作,顾全大局,平等尊重,保护环境,,D
17,单选,下列关于团结互助、加强协作，正确的表述是（    ）。,正确看待道德与法治,正确处理竞争与合作的关系,正确处理主要矛盾与次要矛盾的关系, 正确处理国家集体与个体的关系,,B
18,单选,在下列选项中，符合办事公道规范的有（    ）。,顾全大局、服从上级,秉公执法，不徇私情,知人善任、培养亲信,公私不分，一切平等,,B
19,单选,下列符合遵纪守法要求的做法不包括（    ）。,遵守法律法规,遵守行为规范,遵守所在机构的规章制度,在楼下没人的时候可以高空抛物,,D
20,单选,关于道德与法律的区别，表述不正确的是（    ）。,道德的表现形式不如法律严格,道德的调整范围比法律广,法律由国家强制力保障实施,道德产生时间比法律早，有阶级的社会才有道德规范,,D
21,单选,职业纪律是最明确的职业规范，它以（    ）的方式规定职业活动中对从业人员的基本要求。,自律,办法,道德规范,习俗,,C
22,单选,安全操作的基本要求不包括（    ）。,高度重视,严格检查,爱岗敬业,强化责任,,C
23,单选,生产经营单位应当在有较大危险因素的生产经营场所和有关设施、设备上，设置明显的（    ）。,安全宣传标语,安全宣传挂图,安全警示标志,安全说明,,C
24,单选,以下不是安全生产检查的方式是（    ）。,经验检查法,常规检查,安全检查表法,仪器检查法,,A
25,单选,诚实守信的基本要求不包括（    ）。,保密守信,不搞虚假,忠于职守,积极进取,,D
26,单选,做人之本，立事之基，为政之根是（    ）。,服务群众,诚实守信,爱岗敬业,办事公道,,B
27,单选,下列论述中，属于“诚”的含义的是（    ）。,“诚”即为人要老实, “诚”就是尊重客观事实，忠于本心,诚实，必须忠于客观事情,是对“天谴”的真实反映,,B
28,单选,下列选项不属于工匠精神职业道德规范的是（    ）。,爱岗敬业,舍己为人,尊师重道,精进不已,,B
29,单选,诸葛亮的“鞠躬尽瘁，死而后己”，《淮南子》中的“公正无私，一言而万民齐”，范仲淹所说的“先天下之忧而忧，后天下之乐而乐”，体现了传统文明继承的职业道德精华，即（    ）。,积极进取精神,忠诚和奉献精神,勤俭节约精神,艰苦奋斗精神,,B
30,单选,“佛山陶瓷”不是体现工匠精神的典型特征是（    ）。,精益求精,品牌意识,不断创新,顾客为主,,D
31,单选,一台计算机的主机组成的部件不包含（    ）。,主板,中央处理器,内存,操作系统,,D
32,单选,显示器的（    ）指标越高，显示的图像越清晰。,对比度,分辨率,刷新频率,亮度,,B
33,单选,一个完整的计算机系统是除了硬件系统，还包括（    ）组成。,操作系统,输入输出设备,中央处理器,软件系统,,D
34,单选,单处理机计算机系统中，（    ）是并行操作的。,处理机操作和通道操作,程序与程子程序,用户程序与操作系统程序,操作系统与软件系统,,A
35,单选,与计算机硬件关系最密切的软件的是（    ）。,编译程序,数据库管理程序,操作系统,软件系统,,C
36,单选,计算机网络的主要功能目的是实现计算机之间的资源共享，以下选项不属于资源共享的是（    ）。,网络资源共享,硬件资源共享,软件资源共享,数据资源贡献,,A
37,单选,网络传输介质中，抗干扰能力最强的是以下选项（    ）。,微波,光纤,双绞线,同轴电缆,,B
38,单选,以下属于是网关的基本功能（    ）。,信息安全,数据重新分组,解析数据包,简单指令计算,,C
39,单选,计算机安全所涵盖的内容从技术上不包括（    ）。,实体安全,系统安全,用电安全,信息安全,,C
40,单选,计算机杀毒软件可以（    ）。,消除已感染的所有病毒,发现并组织任何病毒入侵,杜绝对计算机的侵害,发现病毒入侵的某些迹象并及时清楚或提醒操作者,,D
41,单选,关于计算机病毒，以下选项是正确的描述（    ）。,计算机病毒是一种人为特制的具有破坏性的程序,计算机病毒可以烧毁计算机的电子元件,计算机病毒是一种传染力极强的生物细菌,计算机病毒一旦产生便无法清除,,A
42,单选,下列关于数据库的叙述中，正确的是（    ）。,数据库减少了数据冗余,数据库避免了数据冗余,数据库中的数据一致性是指数据类型一致,数据库系统比文件系统能够管理更多数据,,A
43,单选,视图是从一个或多个表中或视图中导出的（    ）。,表,查询,报表,数据,,A
44,单选,Oracle中，用于限制分组函数的返回值的子句是（    ）。,where,having,order by,select,,B
45,单选,下列关于Linux操作系统命令中，属于显示某年某月日历的是（    ）。,clear,cal,cat,make,,B
46,单选,Linux中权限最大的账户是（    ）。,admin,root,guest,super,,B
47,单选,计算机的主要性能指标有主频、字长、内存容量及其他指标，其中主频是指计算机CPU在单位时间内输出的（    ）。,字节数,脉冲数,位数,指令,,B
48,单选,下列硬件中，不用安装驱动程序即可工作的是（    ）。,显卡,声卡,硬盘,网卡,,C
49,单选,不属于计算机系统的软件故障（    ）。,系统故障,程序故障,病毒故障,人为破坏,,D
50,单选,键盘中CapsLock键的作用是（    ）。,用于取消前一时刻不当操作或退出某种状态,用于将光标向右跳过8个字节的位置,用于大小写字母转换,切换输入时插入、改写状态,,C
51,单选,运算器的组成部分不包括以下选项（    ）。,控制线路,译码器,加法器,寄存器,,B
52,单选,一个完整的微型计算机系统应包括软件系统和（    ）。,硬件系统,主箱,鼠标,显示器,,A
53,单选,WPS是一种（    ）软件。,文字处理,游戏,图形处理,工程设计,,A
54,单选,如果希望将幻灯片由横排变为竖排，需要更换（    ）。,版式,设计模版,背景,幻灯片切换,,A
55,单选,WPS表格的主要功能不包括（    ）。,电子表格,图表,数据库,计算器,,D
56,单选,微信支持发送语音短信、（    ）、图片和文字，是一种聊天软件。,输入输出设备,视频,硬盘,操作系统,,B
57,单选,以下选项不属于即时通讯软件（    ）。,钉钉,微信,Xmind,飞书,,C
58,单选,计算机病毒可以分为系统病毒、蠕虫病毒、木马病毒以及脚本病毒等，其中木马病毒的前缀是（    ）。,Trojian,Worm,Scrip,Backdoor,,A
59,单选,以下选项是对计算机病毒的正确表述（    ）。,细菌感染,生物病毒感染,被破坏的程序,特质的具有破坏性的程序,,D
60,单选,以下选项不属于计算机病毒特征（    ）。,潜伏性,传染性,激发性,免疫性,,D
61,单选, 智能体的核心特征是什么？（ ）                                               , 固定程序执行                 , 自主性、反应性、主动性和社会性 , 仅依赖预定义规则               , 无需环境交互                   ,               , B    
62,单选, 强化学习中，Q-learning属于哪种算法？（ ）                                    , 基于策略                     , 基于值函数                     , 基于模型                       , 混合型                         ,               , B    
63,单选, 在强化学习中，AI智能体通过什么方式优化其行为？（ ）                          , 模仿人类行为                 , 接收来自环境的奖励信号         , 预定义的规则                   , 随机尝试                       ,               , B    
64,单选,在提示词编写中，为什么建议让大模型扮演专家角色？（  ）,提升内容专业性和质量,减少输出内容长度,让模型更有创造性,降低模型计算资源消耗,,A
65,单选, 在AI中，过拟合和欠拟合分别指什么？（ ）                                      , 模型太复杂和模型太简单       , 模型太简单和模型太复杂         , 模型训练时间和模型预测时间     , 模型训练成本和模型预测成本     ,               , A    
66,单选,在提示词中加入属性词的直接好处是？（   ）,缩短内容,丰富语义、方便结构标记,增加模型随机性,降低内容可读性,,B
67,单选,编写高质量提示词时，以下哪项最不重要？（   ）,追求内容华丽,指定输出格式,明确角色定位,清晰结构,,A
68,单选, 以下哪项不属于智能体的环境类型？（ ）                                        , 完全可观测                   , 线性可预测                     , 随机性                         , 动态性                         ,               , B    
69,单选, 马尔可夫决策过程（MDP）的核心假设是？（ ）                                  , 历史状态全记录               , 下一状态仅依赖当前状态和动作   , 环境完全确定                   , 需人工干预                     ,               , B    
70,单选,不是语音数据标注工具（    ）。,CIA,Praat,ModelArts,SER,,D
71,单选, 知识表示方法中，框架系统的特点是？（ ）                                      , 仅用于数值计算               ,结构化表示、支持继承和默认值   , 只适合线性推理                 ,无法处理不确定性               ,               , B    
72,单选, AI智能体的核心特征是什么？（ ）                                              , 自主性和学习能力             , 只会执行预设任务               , 无法适应环境变化               , 需要人类持续监控               ,               , A    
73,单选,图像标注的质量好坏取决于（    ）的判定准确性。,标注物,标注员,轮廓线,像素点,,D
74,单选, 以下哪项不是AI智能体在自动驾驶汽车中的应用？（ ）                            , 路径规划                     , 障碍物检测                     , 乘客舒适度调整                 , 交通规则遵守                   ,               , C    
75,单选, AI智能体在处理复杂决策问题时，通常使用哪种方法？（ ）                        , 穷举法                       , 启发式搜索                     , 线性规划                       , 排序算法                       ,               , B    
76,单选,在进行语音标注时，语音数据的发音时间轴需要与（    ）的音标保持同步。,时间限制,截取点,标注区域,图像,,C
77,单选, AI技术的核心是什么？（ ）                                                    , 机器学习                     , 深度学习                       , 神经网络                       , 自然语言处理                   ,               , A    
78,单选, 下列哪个不是AI的主要应用领域？（ ）                                          , 医疗健康                     , 金融服务                       , 教育                           , 传统制造业                     ,               , D    
79,单选, 在AI中，监督学习与非监督学习的主要区别是什么？（ ）                          , 数据量                       , 数据是否带有标签               , 算法复杂度                     , 计算资源需求                   ,               , B    
80,单选, 以下哪个算法不是深度学习算法？（ ）                                          , 卷积神经网络（CNN）          , 循环神经网络（RNN）            , 支持向量机（SVM）              , 长短时记忆网络（LSTM）         ,               , C    
81,单选, 在AI领域，强化学习主要用于解决什么问题？（ ）                                , 图像识别                     , 自然语言处理                   , 决策和控制问题                 , 数据预处理                     ,               , C    
82,单选,人工智能中的“专家系统”是指什么？（ ） ,一种可以模拟人类专家知识的系统,一种可以进行自主学习的系统,一种可以进行复杂推理的系统,一种可以进行图像识别的系统,,A
83,单选,人工智能中的“语音识别”是指什么？（ ） ,让机器能够理解和识别人类的语音,让机器能够进行语音合成,让机器能够进行语音翻译,让机器能够进行自动语音识别,,D
84,单选,机器学习是一种（ ） 。,人工智能技术,数据分析方法,编程语言,机械工程技术,,A
85,单选,在机器学习中，监督学习是指（ ） 。,机器通过观察数据自主学习,机器根据给定的数据和标签进行学习,机器通过交互式学习改进自身性能,机器根据强化学习算法进行学习,,B
86,单选,以下哪项不是机器学习的主要任务？（ ） ,分类,聚类,回归,排序,,D
87,单选,机器学习的一个常见应用是（ ） 。,语音识别,图像处理,自然语言处理,所有上述,,D
88,单选,以下哪项不是机器学习中的评估指标？（ ） ,准确率,精确率,召回率,速度,,D
89,单选,什么是过拟合（Overfitting）？（ ） ,模型在训练集上表现良好，但在测试集上表现差,模型在训练集上表现差，但在测试集上表现良好,模型对新数据的泛化能力强,模型对新数据的泛化能力弱,,A
90,单选,以下哪种算法不属于监督学习算法？（ ） ,决策树,支持向量机,K均值聚类,神经网络,,C
91,单选,（    ）又称用户界面或使用者界面，是人与计算机之间传递、交换信息的媒介和对话接口，是计算机系统的重要组成部分。,显示器画面,人机接口,人机界面,机器界面,,C
92,单选,人机结合面是（    ）中的中心环节。,人机接口,计算机系统,人机系统,交互系统,,C
93,单选,不属于人机交互中的过程的是（    ）。,识别交互对象,理解交互对象,把握对象情态,控制交互对象,,D
94,单选,人机界面设计时，根据终端用户对未来系统的假想设计用户模型，最终使之与系统实现后得到的（    ）相吻合，用户才能对系统感到满意并能有效的使用它。,系统映像,系统内部特征,系统假想,系统规律,,A
95,单选,任务分析中，（    ）技术可把任务不断划分为子任务，直至对每个任务的要求都十分清楚。,面向过程,逐步求精,面向对象,面向任务,,B
96,单选,人机界面设计过程中，创建系统功能的外部模型设计模型不考虑软件的（    ）。,数据结构,总体结构,过程性描述,模型结构,,D
97,单选,人机交互界面的设计要包含用户对系统的理解，称之为（    ），这是为了系统的可用性或者用户友好性。,系统模型,系统假想,心智模型,人机模型,,C
98,单选,（    ）是指人与计算机之间使用某种对话语言，以一定的交互方式，为完成确定任务的人与计算机之间的信息交换过程。,系统界面,人机交互,人机界面,交互设计,,B
99,单选,以下选项不属于人机交互的研究内容（    ）。,可用性分析与评估,多通道交互技术,硬件设备研究,Web设计,,C
100,单选,（    ）是用户与操作系统之间进行数据传递和互动操控的工具，用户可以通过一定的操作实现对电子设备的控制，同时电子设备会将用户操作的结果通过显示屏进行反馈。,人机界面,图形用户界面,图形处理器,图形显示屏,,B
101,单选,图形用户界面主要功能是（    ）。,实现美观的显示界面,为移动设备提供实用界面,实现人与计算机等电子设备的人机交互,评估用户行为,,C
102,单选,以下选项不属于图形用户界面的特点（    ）。,人机交互性,美观性,实用性,维护性,,D
103,单选,用户界面的（    ）主要是指呈现给使用者的通用操作序列、术语和信息的措辞，界面元素的布局、颜色搭配方案和排版样式等都要保持一致。,逻辑性,习惯性,一致性,统一性,,C
104,单选,界面布局应当体现用户操作时的一般顺序和（    ）。,软件颜色顺序,被使用到的频繁程度,软件大小顺序,软件排列顺序,,B
105,单选,以下选项不属于图形用户界面的设计原则（    ）。,界面风格一致性的设计原则,界面布局的逻辑性原则,界面应该复杂多变的设计原则,界面设计应遵循习惯性用法,,C
106,单选,交互设计的（    ）原则表示设计要有充分准确的操作提示。,一致性,反馈性,启发性,可视性,,C
107,单选,交互设计的限制性指在（    ）显示用户操作，以防误操作。,任意页面,特定页面,任意时刻,特定时刻,,D
108,单选,以下选项中不属于交互设计的设计原则的是（    ）。,可视性原则,追求创新,限制原则,映射原则,,B
109,单选,对于一个产品来说，必然有对用户需求的分析内容，更多的是从MRD与PRD获得，或者从（    ）上得到需求分析的内容。,产品日志,产品寿命,产品开发流程,产品需求评审会议,,D
110,单选,交互设计的设计阶段，设计方法采用面向场景，面向事件驱动和（    ）。,面向界面,面向人机,面向对象,面向过程,,C
111,单选,不属于交互设计阶段的是（    ）。,人员招聘阶段,设计阶段,配合开发人员阶段,验证阶段,,A
112,单选,（    ）是交互设计中一个非常普遍的目标，指的是系统能否达到其意图，程度如何。,易记性,能行性,可学性,通用型,,B
113,单选,有效性指的是用户在执行任务时，（    ）是否有效。,用户学习的方式,用户规避风险的方式,系统支持用户的方法,避免发生不快的方式,,C
114,单选,安全性关系到保护用户以避免（    ）的情形。,用户回想起使用方法,用户学习系统过于简单,系统有效支持用户,发生令人不快,,D
115,单选,（    ）目标是交互设计的核心。,有趣性,美观性,可用性,启发性,,C
116,单选,以下选项不是用户体验设计的目标（    ）。,高客户满意度,高净推荐值,高客户费力度,低客户费力度,,C
117,单选,人们不太关心交互系统中的品质（    ）。,有趣,有用,富有启发性,可定制,,D
118,单选,设计原则中，以下选项不属于文化限制（    ）。,用红色表示告警,用某种音频信号代表危险,用笑脸符号代表快乐的表情,磁盘插入磁盘驱动器受到磁盘形状和大小的物理约束,,D
119,单选,设计原则中，（    ）指的是控制及其效果之间的对应关系。,逻辑,关联,映射,反馈,,C
120,单选,不属于Norman (1999)划分的限制类别的是（    ）。,系统限制,物理限制,逻辑限制,文化限制,,A
121,单选, 以下哪个不是评估大语言模型的维度？（ ）                                      , 准确性                       , 流畅性                         , 多样性                         , 色彩饱和度                     ,               , D    
122,单选, 大模型部署时，哪种方法可以降低资源消耗？（ ）                                , 模型量化                     , 增加层数                       , 提高精度                       , 全参数微调                     ,               , A    
123,单选, 大模型训练数据通常来自（ ）。                                                , 互联网公开文本               , 专有数据库                     , 人工标注数据                   , 合成数据                       ,               , A    
124,单选, 以下哪个不是大模型的优势？（ ）                                              , 通用性强                     , 可迁移性好                     , 训练成本低                     , 表现优异                       ,               , C    
125,单选, 在智能体分类中，哪一种类型能够通过经验学习优化行为？（ ）                    , 反应式智能体                 , 基于模型的智能体               , 基于学习的智能体               , 基于知识的智能体               ,               , C    
126,单选,测试报告主要分为（    ）和总结测试报告。,需求测试报告,开发测试报告,版本测试报告,阶段测试报告,,C
127,单选, “Manus AI Agent”属于国内大模型领域的哪个方向？（ ）                          , 开源模型                     , 硬件适配普惠化                 , 多智能体协同                   , 行业大模型定制                 ,               , C    
128,单选, 以下哪种智能体属于“反应型智能体”（Reactive Agent）？（ ）                  , 基于规则系统的火灾报警器     , 具备长期规划的自动驾驶系统     , 能够学习用户习惯的推荐系统     , 支持对话的情感交互机器人       ,               , A    
129,单选, 在智能体环境中，“部分可观测”（Partially Observable）指的是什么？（ ）       , 智能体无法感知任何环境信息   , 智能体只能感知环境的部分信息   , 环境状态完全透明               , 智能体需手动输入环境数据       ,               , B    
130,单选, 强化学习中，“探索-利用困境”（Exploration-Exploitation Dilemma）指什么？（ ）, 智能体必须在已知最优动作和尝试新动作间权衡 , 智能体必须完全依赖历史经验   , 智能体只能随机选择动作         , 环境动态变化导致学习失效       ,               , A    
131,单选, 以下哪种技术常用于多智能体协作？（ ）                                        , 博弈论                       , 线性回归                       , 图像识别                       , 语音合成                       ,               , A    
132,单选, 知识表示（Knowledge Representation）的主要目的是？（ ）                     , 将数据压缩为低维向量         , 以结构化形式存储环境知识，支持推理 , 提高算法计算速度               , 生成随机决策策略               ,               , B    
133,单选, 以下场景中，适合使用“基于目标的智能体”（Goal-Based Agent）的是？（ ）       , 恒温控制器（维持固定温度）   , 扫地机器人（规划路径覆盖全屋） , 自动售货机（根据按钮选择出货） , 电子门禁（刷卡后开门）       ,               , B    
134,单选, 在智能体架构中，“分层控制系统”的特点是？（ ）                              , 所有决策由单一模块完成       , 将任务分解为不同层次（如反应层、规划层） , 完全依赖预编程规则             , 仅适用于静态环境               ,               , B    
135,单选, 哪种学习方法适合动态变化环境中的智能体？（ ）                                , 批量学习（Batch Learning）   , 在线学习（Online Learning）    , 无监督聚类（Unsupervised Clustering） , 支持向量机（SVM）            ,               , B    
136,单选,少样本提示（Few-Shot）与零样本提示的区别是？（ ） ,少样本会给出示例,零样本更依赖格式化输入,少样本不需要输出格式,零样本需要手动标注,,A
137,单选,为什么需要调用Python解释器辅助大模型？（ ） ,让模型生成代码,解决复杂计算问题,减少输出内容,优化文本结构,,B
138,单选,结构化Prompt的优势不包括哪一项？（ ） ,结构清晰、层次分明,唤醒模型深度能力,易于模板化,增加输出噪声,,D
139,单选,以下哪种不是常用的结构化Prompt信息表达方式？（ ） ,随机字符串,Markdown,JSON,HTML,,A
140,单选,结构化Prompt中的“属性词”主要作用是？（ ） ,美化文本,减少输出长度,标识语义结构,增加模型随机性,,C
141,单选,在论文编写流程中，“写大纲”有何意义？（ ） ,减少论文页数,梳理结构，便于后续分步编写,美化论文排版,提高模型运算速度,,B
142,单选,“逐个击破”在任务分解中的正确理解是？（ ） ,只关注开头部分,只写结论部分,忽略大纲内容,按大纲逐步完成各章节,,D
143,单选,结构化Prompt通常通过什么来标识层级结构？（ ） ,字体颜色,标识符（如#、<>）,段落缩进,内容长度,,B
144,单选,测试环境分为硬件环境，软件版本，（    ）。,开发环境,需求报告,CPU型号,系统拓扑图,,D
145,单选,大语言模型可以用于以下哪一项？（ ） ,天气实时监测,自动文本生成,硬件层面信号放大,物理传感器制冷,,B
146,单选,下列哪项是大模型在教育领域的常见用途？（ ） ,校园安防巡逻,制造实验器材,智能批改作业,运动器材研发,,C
147,单选,大模型在医疗领域的应用主要包括？（ ） ,物理治疗操作,医疗器械制造,制药工艺改良,生成医学报告,,D
148,单选,大模型在客服场景中最常见的用途是？（ ） ,升级硬件设备,监控网络安全,自动应答用户问题,发放福利物资,,C
149,单选,大模型能够为企业提供哪方面的帮助？,机械臂控制,数据分析与决策支持,厂房建设图纸设计,物理仓库搬运,,B
150,单选,下列哪项不是大模型的常见用途？,语音识别,农作物生长实地灌溉,自然语言理解,自动驾驶决策,,B
151,单选,以下选项不属于产生多种数据采集方式与处理方式的原因的是（    ）。,数据来源丰富,数据质量要求高,存储与分析的数据量大,数据具有保密性,,D
152,单选,在对一些实时数据进行处理时，可使用（    ）技术下的交互式数据分析系统完成。,批处理,流处理,线下采集,线上采集,,A
153,单选,目前日志数据采集系统不常用的是（    ）。,采集技术,数据分析技术,数据采集系统架构,流式处理,,D
154,单选,以下选项不属于标准化的方法的是（    ）。,离差标准化,标准差标准化,函数变换,等宽法,,D
155,单选,在对数据进行标准化时，需要考虑数据特征，因为不同特征之间往往具有不同的（    ），会造成数值间分布差异较大。,分布,量纲,单位,标准,,B
156,单选,不常见的数据变换方法是以下（    ）。,标准化,离散化,函数转换,独热编码,,C
157,单选,数据预处理方法不包括（    ）。,数据清洗,数据合并,数据标注,数据变换,,C
158,单选,数据清洗是指对可能存在异常的数据进行（    ）和处理。,标注,检测,标准化,离散化,,B
159,单选,数据预处理方法不包括以下（    ）。,数据建模,数据清洗,数据合并,数据变换,,A
160,单选,缺失值的常见处理方法不包括（    ）。,删除,数据插补,数据变换,数据标注,,D
161,单选,异常值是指样本中的个别值，其数值明显偏离所属样本的（    ）。,观测值,测量值,重复值,更新值,,A
162,单选,属于数据清洗的步骤（    ）。,删除原始数据中无关数据,删除原始数据中重复数据,平滑噪声数据,以上都是,,D
163,单选,当进行数据预处理时有些数据值是被遗漏的，那么应该采用（    ）方法。,删除,数据插补,数据变化,数据标注,,B
164,单选,牛顿插值法也被称为（    ）。,拉格朗日插值,多项式插值,平均数插值,中位数插值,,B
165,单选,以下选项是常用的数据插补方法（    ）。,均值/中位数/众数插补,使用固定值,最近临插补,以上都是,,D
166,单选,如果训练过程中所使用的数据集存在大量（    ），将会导致机器学习训练不充分。,噪声,维度,数据量,字段,,A
167,单选,在质量检验阶段，参与质量检验的人员包括（    ）。,前台员工,技术工人,质量检验员,企业行政人员,,C
168,单选,（    ）是图像标注的常用方法，需要对标注物最边缘像素点进行判断。,标框标注,区域标注,数字标注,算法标注,,A
169,单选,图像标注的本质是（    ）到语言表示化的过程。,色彩,空间,视觉,文件,,C
170,单选,图像标注方法包括（    ）。,标框标注,多媒体标注,空间坐标标注,时间戳标注,,A
171,单选,在语音标注的质量检验中，质检员时刻关注（    ）发音的时间轴与标注区域的音标是否相符。,文本数据,语音数据,图像数据,多媒体数据,,B
172,单选,语音标注是标注员不断对语音信息进行（    ）。,翻译,分割,瞄点,合并,,A
173,单选,不是语音标注需要了解的常规操作是（    ）。,采样,合并,采样精度,声道,,B
174,单选,Labellmg图像标注工具是一个使用（    ）开发的开源工具。,Java,C++,C,Python,,D
175,单选,在labelme工具中，以下快捷键是指打开图像文件（    ）。,Ctrl+O,Ctrl+U,Ctrl+I,Ctrl+S,,A
176,单选,数据标注行业注重以下方面（    ）。,高效,快捷,简单,实时,,A
177,单选,下列选项没有使用数据标注辅助工具的是（    ）。,语音标注时借助语音转文本工具,在做OCR手写体识别时，借助OCR识别工具,使用Python编写初检小程序避免低级错误,使用Matlab神经网络工具箱构造模型,,D
178,单选,数据标注就是使用计算机，按照（    ）的执行规范对各种各样的原始数据进行标注。,数据标注员,项目负责人,客户,采集人员,,C
179,单选,以下选项不属于细胞标注的规则（    ）。,为每个细胞添加标签,处理图片边缘的细胞体,叠加的细胞一定要分清每个细胞的轮廓,细胞叠加时只需要标注一个,,D
180,单选,（    ）可采用方差选择法进行特征选择。,子集搜索与评价,过滤式选择,包裹式选择,嵌入式选择,,B
181,单选,训练误差中求平方损失参数，就是对所有样本的误差求（    ）。,均值,方差,标准差,平方和,,D
182,单选,训练误差损失函数的期望是模型关于（    ）的期望损失。,条件分布,边缘分布,联合分布,概率分布,,C
183,单选,关于数据分析训练误差以下说法错误的是（    ）。,统计学习方法采用的训练误差评估和损失函数必须完全相同,训练误差评估和损失函数一致时有利于模型的改进,模型优化目标函数是使全局损失函数最小,损失函数反映了模型预测结果与实际结果之间的差距,,A
184,单选,K折交叉验证将数据切分为k个互不相交的大小相同数据集，用（    ）个子集训练。,k,k-1,k-2,1,,B
185,单选,k折交叉验证中，一些验证表明，当k取（    ）时，在计算代价和性能之间能达到好的平衡。,5,10,50,100,,B
186,单选,K折交叉验证的用途有（    ）。,模型评估,模型训练,算法选择,模型预测,,A
187,单选,（    ）在概率论和统计学中用于衡量两个变量的总体误差。,众数,平均值,极值,协方差,,D
188,单选,如果两个变量a，b，（    ）那么两个变量之间的协方差就是负值。,其中a大于自身的期望值,其中b等于自身的期望值,其中b大于自身的期望值,其中a等于自身的期望值,,A
189,单选,标准误差，如果误差统计分布是正态分布，那么随机误差落在±σ以内的概率为（    ）。,50%,68%,100%,25%,,B
190,单选,下面关于标准误差说法错误的是（    ）。,标准误差是预测值与真实值偏差的平方与观测次数n比值的平方根,标准误差能够很好地反映出测量的精密度,标准误差能反映一个数据集的离散程度,平均数相同的，标准差也相同,,D
191,单选,参数估计中估计量的含义是指（    ）。,"用来估计总体参数的统计量的名称

",用来估计总体参数的统计量的具体数值,总体参数的名称,总体参数的具体取值,,A
192,单选,在参数估计中，要求通过样本的统计量来估计总体参数，评价统计量的标准之一是使它与总体参数的离差越小越好。这种评价标准称为（    ）。,无偏性,有效性,一致性,充分性,,B
193,单选,以下不属于参数估计方法的是（    ）。,贝叶斯估计,最小二乘法,极大似然估计,角估计,,D
194,单选,线性回归是一种通过（    ）自变量与因变量之间最佳线性关系，来预测目标变量的方法。,对比,估计,解释,拟合,,D
195,单选,多元线性回归使用（    ）变量，通过拟合最佳线性关系来预测因变量。,单个,多个相关,多个独立,两个相关,,C
196,单选,多元回归的评价指标不包括（    ）。,非标准化系数,标准化系数,R^2,t检验及其显著性水平（sig）,,C
197,单选,逻辑回归主要解决（    ）问题。,分类,聚类,优化,评价,,A
198,单选,逻辑回归是用概率的方式，预测出属于某一分类的概率值，如果概率值超过（    ），则属于某一分类。,40%,50%,60%,75%,,B
199,单选,下面关于逻辑回归的说法错误的是（    ）。,逻辑回归是一种预测分析,逻辑回归主要解决聚类问题,逻辑回归和线性回归的不同之处是它的目标变量有多个类别,逻辑回归是用概率的方式预测出属于某一分类的概率值,,B
200,单选,以下为统计分析中最常用的方法是（    ）。,对比分析法,分组分析法,预测分析法,漏斗分析法,,A
201,单选,对比分析法通过指标的对比来反应事物（    ）上的差异和变化。,数量,质量,比重,容量,,A
202,单选,对比分析法不能对（    ）做出判断和评价。,规模大小,水平高低,速度快慢,未来数据,,D
203,单选,数据分析法中，（    ）按照多个维度将数据拆分为各种组合，并比较各组合之间的差异。,对比分析法,分组分析法,漏斗分析法,AB测试分析法,,B
204,单选,新书上市销售时，如果要对比各个销售渠道在10月份的销量，应该采用（    ）。,对比分析法,分组分析法,漏斗分析法,预测分析法,,A
205,单选,分组分析法中，组就是根据研究的目的和客观现象的内在特点，按某个标志或几个标志把被研究的总体划分为若干个不同性质的组，使（    ）。,组内的关系相同,组间的差异尽可能大,组内的差异尽可能大,组间的差异尽可能小,,B
206,单选,预测分析法主要用于未知数据的判断和（    ）。,对比,测试,预测,转化,,C
207,单选,某产品依据过往三年的历史销售数据，想要分析出未来六个月的销售额，最合适的数据分析法是（    ）。,对比分析法,AB测试分析法,分组分析法,预测分析法,,D
208,单选,以下属于预测分析法中的回归预测的是（    ）。,逻辑回归,线性回归,k均值,关联规则,,B
209,单选,漏斗分析法能够科学反映的用户行为状态，以及观察出从行为起点到终点中各阶段用户的（    ）情况。,转化率,存活率,使用率,安装率,,A
210,单选,假如有100人访问某电商网站，有30人点击注册，有10人注册成功。整个过程的转化率为（    ）。,30%,33.30%,10%,40%,,C
211,单选,不属于常见的数据标注类型（    ）。,文本标注,音频标注,图像标注,视频标注,,B
212,单选, 以下关于反应型智能体（Reactive Agent）的描述正确的是：（ ）                  , 具有长期规划和目标驱动能力   , 依赖预定义的规则进行即时响应   , 可以在复杂环境中进行长时间决策 , 具备自主学习和推理能力         ,               , B    
213,单选, 下列关于“智能体发展四个阶段”的描述，哪一项是错误的？（ ）                   , 起源阶段主要依赖于简单逻辑推理 , 规则驱动阶段着重于专家系统的开发 , 学习为核心阶段依赖深度学习与强化学习的突破 , 现代阶段主要基于简单的符号操作和逻辑推理 ,               , D    
214,单选, 在智能体决策模型中，哪种模型不需要动态调整策略？（ ）                        , 基于规则的决策模型           , 基于规划的决策模型             , 基于学习的决策模型             , 基于模仿的决策模型             ,               , A    
215,单选, 在多模态感知中，特征层融合的主要优势是？（ ）                                , 保留所有原始数据细节         , 实现数据的时间和空间对齐       , 提供紧凑且高效的信息表达       , 降低数据的处理复杂度           ,               , C    
216,单选, OpenAI API 的主要用途不包括以下哪一项？（ ）                                , 进行自然语言生成             , 训练全新的大型语言模型         , 处理文本分类任务               , 提供智能对话服务               ,               , B    
217,单选, 在使用OpenAI API时，如何确保API密钥的安全性？（ ）                           , 将密钥硬编码到源代码中       , 将密钥存储在环境变量中         , 在GitHub上公开密钥             , 将密钥放入明文配置文件中       ,               , B    
218,单选, 智能体的核心特征不包括以下哪一项？（ ）                                      , 自主性                       , 感知能力                       , 记忆能力                       , 外部控制依赖性                 ,               , D    
219,单选, 以下哪项是多智能体系统（MAS）的核心要素？（ ）                              , 单一控制单元                 , 分布式决策机制                 , 静态任务分配                   , 独立感知但不交互               ,               , B    
220,单选, 在实体门店智慧营销助手中，以下哪一项不属于其核心功能？（ ）                   , 平台数据集成与分析           , 智能推荐和实时操作指导         , 线上促销活动设计               , 资源规划和分配                 ,               , C    
221,单选,常用的数据标注工具的标注结果导出格式不包括（    ）。,CSV,XML,JSON,DAT,,D
222,单选, 智能体的核心特征是什么？（ ）                                                , 自主性                       , 固定程序                       , 单一任务执行                   , 无需交互                       ,               , A    
223,单选, 哪种学习算法最适合动态环境中的智能体？（ ）                                  , 监督学习                     , 强化学习                       , 无监督学习                     , 迁移学习                       ,               , B    
224,单选, 以下哪项是智能体的典型应用？（ ）                                            , 电子表格                     , 自动驾驶汽车                   , 计算器                         , 机械钟表                       ,               , B    
225,单选, 知识图谱主要用于解决智能体的哪种需求？（ ）                                  , 数据存储                     , 语义推理                       , 硬件控制                       , 能量优化                       ,               , B    
226,单选, 以下哪个不是当前主流的大语言模型？（ ）                                      , GPT-4                        , BERT                           , ResNet                         , LLaMA                          ,               , C    
227,单选, 以下哪种注意力机制不是Transformer的标准组成部分？（ ）                       , 自注意力                     , 交叉注意力                     , 多头注意力                     , 卷积注意力                     ,               , D    
228,单选, GPT中的"P"代表什么？（ ）                                                    , Pre-trained                  , Programmed                     , Parallel                       , Predictive                     ,               , A    
229,单选, 大模型训练中常见的并行策略不包括（ ）。                                 , 数据并行                     , 模型并行                       , 流水线并行                     , 时间并行                       ,               , D    
230,单选, 以下哪种技术不是用于减少大模型计算开销的？（ ）                              , 知识蒸馏                     , 量化                           , 剪枝                           , 数据增强                       ,               , D    
231,单选, 以下哪个不是大模型的潜在风险？（ ）                                          , 偏见放大                     , 幻觉生成                       , 计算效率过高                   , 隐私泄露                       ,               , C    
232,单选, RLHF(人类反馈强化学习)主要用于（ ）。                               , 提高模型与人类偏好的对齐     , 加速模型训练                   , 减少模型参数                   , 增强模型视觉能力               ,               , A    
233,单选, 哪种方法不是大模型微调的常见方法？（ ）                                      , 全参数微调                   , 提示微调                       , 适配器微调                     , 卷积微调                       ,               , D    
234,单选, 大模型训练中常用的损失函数是：（ ）                                          , 交叉熵损失                   , 均方误差                       , 对比损失                       , 中心损失                       ,               , A    
235,单选, 大模型训练中常见的硬件是：（ ）                                              , CPU                          , GPU                            , TPU                            , FPGA                           ,               , B    
236,单选, 以下哪种技术可以提高大模型的推理速度？（ ）                                  , 量化                         , 数据增强                       , 正则化                         , 早停                           ,               , A    
237,单选, 大模型中的"涌现能力"指的是：（ ）                                            , 参数量达到阈值后出现的新能力 , 模型自我进化的能力             , 硬件加速带来的性能提升         , 数据增强产生的效果             ,               , A    
238,单选, 以下哪个不是大模型的典型应用场景？（ ）                                      , 机器翻译                     , 图像分类                       , 代码生成                       , 文本摘要                       ,               , B    
239,单选, 以下哪种方法不能缓解大模型的幻觉问题？（ ）                                  , 事实核查                     , 提示工程                       , 增加参数量                     , 知识增强                       ,               , C    
240,单选,测试计划不能描述测试活动（    ）的文档。,范围,方法,费用,进度,,C
241,单选,在Coze平台，Agent的“意图”主要用于？（ ） ,美化界面,定义Agent响应用户需求,统计访问量,增强安全性,,B
242,单选,下列哪项不是Coze Agent的常见应用场景？（ ） ,智能客服,内容审核,图像识别硬件驱动,智能助手,,C
243,单选,版本测试报告中的内容不包括（    ）。,测试用例设计与执行,风险分析,缺陷概况,问题概要,,B
244,单选,测试集准备只是随机的选取测试数据，容易造成测试结果的失真，降低算法模型评估结果的可靠性。这是因为忽略了测试的（    ）。,独立性,覆盖度,准确性,复杂性,,B
245,单选,Agent面向不同渠道发布时，Coze平台需要做的关键操作是？（ ） ,手动复制内容,配置渠道对接,关闭对话框,更改数据格式,,B
246,单选,在Coze平台，Agent的“技能”主要指？（ ） ,对话风格,可用的插件和任务能力,头像样式,推荐算法,,B
247,单选,Coze平台Agent支持自定义输入输出格式，需在何处设置？（ ） ,外观设置,流程配置,技能管理,渠道中心,,B
248,单选,如果希望让Agent具备“知识库问答”能力，应在Coze平台做什么？（ ） ,上传知识文档并开启知识库插件,修改对话字体,仅更换模型,导出对话记录,,A
249,单选,在Coze平台上搭建Agent时，最常用的入口是？（ ） ,自助问答,工作台,插件市场,数据大屏,,B
250,单选,Coze平台创建新Agent时，第一步通常需要？（ ） ,选择Agent模板,上传插件,添加API密钥,绑定钉钉,,A
251,单选,结构化Prompt中的“标识符”作用是？（ ） ,调整模型参数,美化文本,明确内容层级和结构,限制输出长度,,C
252,单选,结构化Prompt的优势之一是？（ ） ,内容随机化,增加模型困惑,输出结构清晰、便于理解,减少模型能力,,C
253,单选,用结构化Prompt可以带来的效果不包括？（ ） ,提升输出一致性,促进多轮对话,便于模板化开发,增加模型混乱,,D
254,单选,自动生成结构化Prompt的常用方式是？（ ） ,只复制粘贴已有内容,人工随机排列内容,让模型自行发挥,利用专用Prompt自动优化,,D
255,单选,为什么建议任务分解时“总结收尾”？（ ） ,让输出更随意,归纳提升整体完成度,增加输出长度,降低内容可读性,,B
256,单选,多轮对话的设计有助于？（ ） ,美化界面,增加模型困惑,让模型输出更短内容,对齐双方沟通频道、聚焦领域,,D
257,单选,结构化Prompt适合采用哪种表达方式？（ ） ,简短口语,Json或Markdown格式,随机排列,无结构文本,,B
258,单选,用来读取不同文本文件中的数据，大多是符合约定格式的TXT文件的组件名称为（    ）。,文本文件输入,表输入,CSV文件输入,XML输入,,A
259,单选,生成行组件输出一定数量的（    ），默认为空，以下选项是正确的。,列,字段,数字,行,,D
260,单选,计算器组件对数值型字段数据进行加减乘除等简单运算，以及（    ）等方面的运算，以下选项不正确的。,三角函数,开方,布尔,对数,,C
261,单选,以下选项中，不属于ETL任务执行的主要内容的为（    ）。,任务流程的依赖关系,调度算法和策略,对成功或失败的信息发出提示,仅对成功的信息发出提示,,D
262,单选,在ETL中，任务的调度算法采取（    ）的策略进行任务调度，以下选项是正确的。,信息抽取,条件驱动,数据转换,数据加工,,B
263,单选,ETL是通过建立（    ）进行数据整合和处理的，以下选项不正确的。,任务流程,设置时间调度,调用相应的转换任务,任务依赖关系,,D
264,单选,在数据预处理过程中，对缺失值的处理方法不正确的是（    ）。,删除当前字段,同类均值插补,极大似然估计,均值插补,,A
265,单选,数据的属性可以是（    ）或定量的数据。,定性,定价,规定,处理,,A
266,单选,删除含有缺失值的记录的方法（    ）。,简单删除法,加和法,平均法,乘积法,,A
267,单选,噪声数据处理过程中，（    ）是通过考察数据的周围值来光滑有序的数据值。,分箱,回归,离群点分析,函数拟合,,A
268,单选,分箱是指通过考察数据的“近邻”来光滑（    ）的数据值。,无序,语序,有序,有效,,C
269,单选,噪声是被测量变量的（    ），可以使用基本的数据统计描述技术和数据可视化方法来识别可能代表噪声的离群点。,随机误差,错误,众数,标准差,,A
270,单选,数据变换是将数据从一种表示形式变换为适用于（    ）的另一种形式的过程。,数据挖掘,数据泛化,数据规范,数据提取,,A
271,单选,对于数据变换包含内容，以下选项描述不正确的（    ）。,数据平滑,数据聚集,数据泛化,数据采集,,D
272,单选,剪枝是决策树学习算法对付（    ）的主要手段。,过拟合,欠拟合,噪声,缺失值,,A
273,单选,（    ）是指在决策树生成过程中，对每个结点在划分前先进行估计，若当前结点的划分不能带来决策树泛化性能提升，则停止划分并将当前结点标记为叶结点。,回归,预剪枝,聚类,后剪枝,,B
274,单选,预剪枝使得决策树很多分支没有展开，这不仅降低了过拟合风险，还显著减少了决策树的（    ）开销。,划分时间,归类时间,训练时间,抽样时间,,C
275,单选,以下选项不属于大数据技术设计的特征的是（    ）。,负载均衡,分散处理,副本存储,结构复杂,,D
276,单选,数据采集系统通常包括数据生成、（    ）、数据处理、数据存储四个部分。,数据开发,数据分析,数据采集,数据建模,,C
277,单选,数据采集又称数据抽取，分为（    ）抽取和增量抽取。,部分,筛选,偏好,全量,,D
278,单选,劳动合同的下列条款中，不属于劳动法规定的必备条款是（    ）。,劳动报酬,劳动保护,劳动合同期限,试用期条款,,D
279,单选,公司安排员工春节期间上班，根据劳动法，该公司方法其不低于原工资报酬的（    ）。,150%,200%,300%,400%,,C
280,单选,以下选项不属于劳动者的权利（    ）。,专利分享的权利,取得劳动薪酬的权利,享有社会保险的福利的权利,提请劳动争议处理的权利,,A
281,单选,网络运营者应为（    ）、国家安全机关依法维护国家安全和侦察犯罪的活动提供技术支持和协助。,公安机关,网信部门,工信部门,检察院,,A
282,单选,为了保障（    ），维护网络空间主权和国家安全、社会公共利益，保护公民，法人和其他组织的合法权益，促进经济社会信息化健康发展，制定《中华人民共和国网络安全法测试》。,网络自由,网络速度,网络安全,网络信息,,C
283,单选,国家支持网络运营者之间在网络安全信息不在以下（    ）方面进行合作，提高网络运营者的安全保障能力。,分析,机密,应急处置,收集,,B
284,单选,软件著作权人，是指依照条例的，对软件享有（    ）的自然人、法人或者其他组织。,著作权,修改权,管理权,开发权,,A
285,单选,依据《计算机软件保护条例》，对软件的保护包括以下选项（    ）。,计算机程序，但不包括用户手册等文档,计算机程序及其设计方法,计算机程序及其文档，但不包括开发该软件所用的思想,计算机源程序，但不包括目标程序,,C
286,单选,依据《计算机软件保护条例》，软件著作人享有的权利不包含（    ）。,发表权,复制权,修改权,占用权,,D
287,单选,以下选项关于从事国际联网经营活动的接入单位条件不正确的是（    ）。,依法设立企业法人,具有健全的安全保密制度,符合法律和国务院规定,自行使用其他信道进行国际联网,,D
288,单选,接入网络，是指通过接入互联网络进行国际联网的计算机信息网络，接入网络可以是（    ）联接的网络。,单级,多级,跨组织,跨部门,,B
289,单选,互联网可行性报告的主要内容不包括（    ）。,网络服务性质和范围,网络技术方案,网络完全规则,管理办法,,C
290,单选, 下列哪个不是AI伦理问题？（ ）                                                , 数据隐私                     , 算法偏见                       , 机器取代人类工作               , 软件兼容性                     ,               , D    
291,单选, AI技术在以下哪个领域应用最广泛？（ ）                                        , 艺术创作                     , 游戏开发                       , 无人驾驶                       , 农业种植                       ,               , C    
292,单选, 以下哪个是AI技术中的一个关键挑战？（ ）                                      , 数据存储                     , 数据安全                       , 数据解释性                     , 数据传输速度                   ,               , C    
293,单选, 以下哪一项不属于人工智能伦理的基本原则？（ ）                               , 公平性                       , 责任性                         , 透明性                         , 性能最优性                     ,               , D    
294,单选,数据标注的基本流程不包含（    ）。,数据采集,数据清洗,数据分析,数据标注,,C
295,单选,（    ）是整个数据采集标注基本流程的首要环节。,数据标注,数据采集,数据清洗,数据分类,,B
296,单选,数据清洗时应对数据集中存在的（    ）进行查漏补缺，同时平滑数据，最大程度纠正数据的不一致性和不完整性。,异常值,重复值,新增值,覆盖值,,A
297,单选,在数据标注运行模式中，以下选项是负责提出需求（    ）。,项目负责人,客户端,需求端,标注端,,A
298,单选,数据标注的运行模式不包含（    ）。,需求端,项目负责人,标注端,客户端,,D
299,单选,下列选项中，不属于数据标注的特点的是（    ）。,数据标注的内容颗粒度小,数据标注需求不统一,数据标注需求迭代快,数据标注需求的量大,,B
300,单选,数据标注员要及时调整数据标注规则，尤其是（    ）要经常同数据需求方沟通。,项目开发人员,标注端,项目管理人员,需求端,,C
301,多选,下列对职业道德的表述不正确的是（    ）。, 职业道德是在职业活动中调节人与人之间关系的特殊行为规范,职业道德是主观思考的产物，没有客观依据,每个人都有各自的职业道德观念，以共同的职业道德规范要求他人是不正确的, 职业道德同法律一样，必须在外在规范的约束下才能发挥作用,职业道德与市场规范相违背，不利于市场的发展,BCDE
302,多选,所谓职业道德，是指人们以（    ）善恶进行评价的总和。,心理意识,行为原则,行为规范,礼仪规范,语言规范,ABC
303,多选,办事公道是指职工在进行职业活动时要做到（    ），下列表述不正确的是。,追求真理，坚持原则,有求必应，助人为乐,公私不分，一切平等,知人善任，提拔知己,拉帮结派，打压员工,BCDE
304,多选,下列说法中，隐含敬业思想的有（    ）。,鞠躬尽瘁，死而后已, 戏比天大,业精于勤荒嬉，形成于思毁于随,百事之成也，必在敬之；其败也，必在慢之,采得百花成蜜后，为谁辛苦为谁甜,ABCDE
305,多选,职业良心是人们对他人、对社会履行义务时表现出的―种职业道德情感，从业人员在职业活动中的职业良心主要表现在（    ），以下选项是正确的。,对工作的负责精神,对自己的宽恕感,对社会的责任感,对自己职业行为的是非感,对企业形象维护的自觉感,ACD
306,多选,法律的主要特征有（    ）。,制定法律的机关的最高权威性,任何时代、任何国家的法律总是体现统治阶段的意志的,法律是调整人们行为的一种行为规范，通过对人们行为的调整来实现对社会关系的调整,法律的约束性是最广泛、最普遍的,法律是以国家强制力保证实施的规范，是运用法律规范来调整社会关系和维护社会秩序,ABCDE
307,多选,生产经营单位与从业人员订立劳动合同应载明有关的事项包括（    ）。,保障从业人员劳动安全,防止职业危害的事项,为从业人员办理工伤保险,免责条款,伤害量化平均条款,ABC
308,多选,下列对于诚实守信说法正确的是（    ）。,诚实守信就是要重承诺，信守诺言，忠实地履行自己应承担的义务, 诚实守信是市场经济的内在法则,诚实守信要敢于讲真话，坚持真理,诚实守信与市场经济的根本目的相矛盾,诚实守信不符合市场经营潜规则要求,ABC
309,多选,弘扬工匠精神，社会层面的主要政策应包括（    ）。, 弘扬工匠精神，营造社会氛围,建设以工匠精神为核心的社会文化,发扬工匠精神，塑造国民素质,提高工匠的职业尊严和社会地位,以金钱驱动提高行业人员的工作积极性,ABCD
310,多选,用于ETL数据整合的工具有很多，以下选项属于主流工具的是（    ）。,DataPipeline,Kettle,Oracle Goldengate,Anaconda,Informatica,ABC
311,多选,计算机操作系统通道可以完成（    ）之间的数据传输。,外设,内存,CPU,主存,编译器,AB
312,多选,本地计算机被感染病毒的途径可能是以下方式（    ）。,使用软盘,软盘表面受损,机房电源不稳定,上网,共用外设,ADE
313,多选,ORACLE数据库物理结构包括（    ）。,数据文件,日志文件,控制文件,临时文件,冗余文件,ABC
314,多选,关于操作系统的叙述中，以下选项是正确的（    ）。,操作系统管理计算机系统中的各种资源,操作系统与用户程序必须交替进行,操作系统为用户提供良好的界面,操作系统位于各种软件的最底层,操作系统位于计算机硬件之上,ACDE
315,多选,计算机病毒的特点有以下特性（    ）。,传染性,潜伏性,破坏性,针对性,级联性,ABCD
316,多选,下列选项中属于多媒体硬件的是（    ）。,光盘驱动器,视频卡,音频卡,加密卡,存储卡,ABC
317,多选,对于WPS表格描述以下选项是正确的（    ）。,WPS表格的应用程序可同时打开多个工作簿文档,在同一个工作簿文档窗口可以建立多张工作表,在同一个工作表中可以为多个数据区域命名,WPS表格不可进行剪切操作,WPS表格无法进行数据统计工作,ABC
318,多选,发现计算机感染病毒后，以下选项不是彻底清楚病毒的方式（    ）。,用查毒软件处理,删除文件,格式化磁盘,重启电脑,关闭电源,ABDE
319,多选,常见的浏览器有以下（    ）。,Google浏览器,百度浏览器,360浏览器,搜狗浏览器,QQ浏览器,ABCDE
320,多选,搜索引擎的工作原理有（    ）。,爬行,抓取存储,预处理,排名,网页名称,ABCD
321,多选, 在AI项目中，以下哪些步骤属于模型部署的阶段？（ ）                            , 模型训练                     , 模型导出                       , 模型集成                       , 模型监控                       ,               , BCD  
322,多选,下列哪些方法可将口语化提示词优化为结构化Prompt？（ ） ,利用专用Prompt模板,合理使用标识符,引入属性词,增添冗余内容,手动调整结构,ABCE
323,多选, 智能体的体系结构包括哪些类型？（ ）                                          , 反应式                       , 认知式                         , 线性式                         , 混合式                         ,               , ABD  
324,多选, 以下哪些是机器学习中的正则化方法？（ ）                                      , L1正则                       , Sigmoid激活                    , Dropout                        , 早停法                         ,               , ACD  
325,多选,以下选项属于数据清洗过程中针对缺失值常用方法（    ）。,数据变换,不处理,删除,异常值检测,数据插补,ABCE
326,多选, AI智能体的主要组成部分包括哪些？（ ）                                        , 感知系统                     , 决策系统                       , 执行系统                       , 学习系统                       ,               , ABCD 
327,多选, 以下哪些技术可以应用于AI智能体的开发中？（ ）                                , 深度学习                     , 强化学习                       , 规则引擎                       , 自然语言处理                   ,               , ABCD 
328,多选, AI智能体在医疗领域的应用包括哪些？（ ）                                      , 疾病诊断                     , 药物研发                       , 手术辅助                       , 患者护理                       ,               , ABCD 
329,多选, AI智能体在电子商务中的应用包括哪些？（ ）                                    , 商品推荐                     , 客户服务自动化                 , 库存管理                       , 欺诈检测                       ,               , ABD  
330,多选, AI技术可以应用于以下哪些领域？（ ）                                          , 语音识别                     , 推荐系统                       , 机器人技术                     , 游戏开发                       ,               , ABCD 
331,多选, 以下哪些是AI技术中的算法？（ ）                                              , 决策树                       , 随机森林                       , K近邻算法                      , 线性回归                       ,               , ABCD 
332,多选,流形学习可分为以下方法（    ）。,等距特征映射,局部非线性特征映射,局部特征映射,拉普拉斯特征映射,等样抽取特征映射,ACD
333,多选,人机界面设计应该考虑以下原则（    ）。,以用户为中心的基本设计原则,顺序原则,功能原则,一致性原则,重要性原则,ABCDE
334,多选,人机界面设计时，任务分析可以通过研究系统的需求规格说明，导出一组与（    ）相协调的用户任务。,系统模型,系统映射,用户模型,用户假想,系统假想,CE
335,多选,在多通道交互中，用户可以使用（    ）等自然的交互方式与计算机系统进行通信。,界面,语音,手势,眼神,表情,BCDE
336,多选,图形用户界面综合了（    ）等众多学科领域的知识，现在已经发展为一门独立的学科。,人机工程学,认知心理学,设计艺术学,语言学,传播学,ABCDE
337,多选,以下选项是图形用户界面中的图形元素（    ）。,按钮,图表,滚动条,窗口,链接,ABCDE
338,多选,交互设计中有以下规范要求（    ）。,标题规范,新窗口链接规范,图片规范,信息规范,控件规范,ABCDE
339,多选,交互设计分析阶段包含以下过程（    ）。,需求分析,用户场景模拟,竞品分析,人员分析,系统分析,ABC
340,多选,交互设计的可用性目标细分为以下选项（    ）。,能行性,有效性,安全性,通用型,易学性,ABCDE
341,多选,以下交互产品需要具有易学特征的是（    ）。,一种移动设备，儿童们在进行协作游戏时可以使用它来相互交流,计算机化的电视会议系统，允许学生们在家中听课,互联网应用，公众可通过交互式电视检索自己的病历,供建筑师和工程师使用的CAD系统,为失去亲友的人提供在线帮助的网上社团,ABCDE
342,多选,最常用的设计原则包括以下选项（    ）。,反馈,限制,映射,一致性,可行性,ABCDE
343,多选,大数据环境下数据来源丰富且类型多样，对数据质量的要求较高，看重数据处理的（    ）。,高效性,实时性,可用性,优化性,分类性,AC
344,多选,常用的数据标准化方法有以下（    ）。,离差标准化,标准差标准化,小数定标准化,函数转换,映射归一化,ABCD
345,多选,数据合并的方式有以下（    ）。,字段删除,数据堆叠,主键合并,数据连接,冗余检测,BC
346,多选,数据采集系统通常不包括以下部分（    ）。,数据生产,数据分析,数据采集,数据处理,,B
347,多选,以下选项是常用的插值法（    ）。,分段线性插值法,拉格朗日插值法,牛顿插值法,样条插值法,字段插值法,ABCD
348,多选,按质量检验的地点，可以将质量检验分为（    ）。,定点检验,巡回检验,抽样检验,傅里叶检验,自动化检验,AB
349,多选,图像标注的应用领域包括以下选项（    ）。,车辆车牌标注,人像识别标注,医疗影像标注,机械影像标注,遥感图像标注,ABCDE
350,多选,对于语音标注的数据集，（    ）的设置在一定范围内越高越好。,采样率,声波,分贝,振幅,采样精度,AE
351,多选,labelme图像标注工具支持对图形进行形式的标注（    ）。,多边形,矩形,圆,折线,点,ABCDE
352,多选,细胞标注需要为每个（    ）添加标签。,细胞质,细胞壁,细胞核,细胞体,细胞膜,AC
353,多选,K折交叉验证中增大k值，在每次迭代过程中将会有更多的数据用于模型训练，会导致以下情况（    ）。,得到最小偏差,算法时间延长,训练块间高度相似,评价结果方差较高,评价结果标准差较低,ABCD
354,多选,二项分布X～B（n，p）的数学期望和方差分别为（    ）。,p,np,np（1-p）,p（1-p）,p（1-np）,BC
355,多选,标准误差算的是（    ）之间的偏差。,观测值与其真值,观测值与其模拟值,观测值与其平均值,模拟值与其平均值,真值与其模拟值,AB
356,多选,以下选项是求解估计函数的步骤（    ）。,确定系统的模型,确定估计器及其限制条件,验证是否为最优估计器,输入测试数据,输出相应参数,ABC
357,多选,以下过程属于回归分析（    ）。,确定输入变量与目标变量之间的回归模型,根据样本估计并检验回归模型及未知参数,从输入变量中判断哪些变量对目标变量的影响是显著的,根据输入变量的已知值来估计目标变量的平均值并给出预测精度,验证是否为最优估计器,ABCD
358,多选,在逻辑回归中损失函数采用对数损失函数，当真实值为1时，预测值越接近1，则表示（    ）。,损失函数值越小,误差越小,损失函数值越大,误差越大,误差不受影响,AB
359,多选,对比分析法可以分为（    ）对比。,纵向,横向,比例,相似,预测,AB
360,多选,分组分析法是指通过统计分组的计算和分析，来认识所要分析对象的（    ）的方法。,相互关系,相同特征,相同性质,不同特征,不同性质,ADE
361,多选,预测分析法大致可以分为（    ）。,基于时间序列的预测,基于分组对比的预测,回归类预测,基于各环节转换率的预测,两种相似样本的结果对比预测,AC
362,多选,如果使用漏斗分析法分析用户购买产品的环节转化率，则主要分析的环节应该有（    ）。,商品详情页转化率,购物车页转化率,收银台页转化率,支付成功页转化率,类似商品页转化率,ABCD
363,多选, 哪种类型的智能体最适合处理复杂问题？ （ ）                                  , 反应式智能体                 , 基于模型的智能体               , 基于学习的智能体               , 基于知识的智能体               ,               , BCD  
364,多选, 智能体设定目标时需考虑的因素有哪些？ （ ）                                   , 环境不确定性                 , 目标的可实现性                 , 长期导向性                     , 即时反馈机制                   ,               , ABC  
365,多选,下列哪些做法有助于大模型更准确理解输入内容？（ ） ,使用分割符号,精简输入长度,指定输出格式,随机排列输入内容,区分不同输入部分,ACE
366,多选,关于结构化Prompt的优势，下列说法正确的是？（ ） ,便于层级梳理,提升模型结构化输出能力,便于后期自动化处理,易引发歧义,有助于Prompt模板化,ABCE
367,多选,下列哪些属于结构化Prompt常用标识符？（ ） ,#,<>,{ },@,*,ABCE
368,多选,将复杂任务分解成子任务的有效方法有哪些？（ ） ,多轮对话对齐,写大纲,一次性输出所有内容,逐步展开每个板块,总结整体思路,ABDE
369,多选,属性词在结构化Prompt中的主要作用有哪些？（ ） ,标识模块语义,区分内容层级,丰富内容表达,作为输出装饰,帮助结构设计,ABCE
370,多选,以下哪些属于“让模型一步步思考”的方法或技巧？（ ） ,思维链,分步推理,一步直接给结论,引导逐步输出,设置中间问题,ABDE
371,多选,聚类分析法是理想的多变量统计技术，主要有以下方法（    ）。,分层聚类法,迭代聚类法,拟合聚类法,动态聚类法,逐步聚类法,AB
372,多选,调用Python解释器对大模型的正面作用有哪些？（ ） ,辅助复杂计算,辅助逻辑推理,生成医学影像,提升代码能力,辅助数据分析,ABDE
373,多选,结构化Prompt带来的好处有哪些？（ ） ,提高输出一致性,便于流程标准化,促进内容理解,增加模型困惑,利于团队协作,ABCE
374,多选,在Coze平台搭建Agent时，下列哪些属于常见配置项？（ ） ,意图,流程,插件,外观,渠道,ABCDE
375,多选,关于Coze平台Agent的“流程”配置，下列说法正确的是？（ ） ,可实现多轮对话,支持条件分支,可插入API调用,可配置输出格式,只能用于静态回复,ABCD
376,多选,Coze平台Agent可以通过哪些方式集成外部数据？（ ） ,API插件,知识库,Webhook,数据库连接,上传Excel,ABCDE
377,多选,Agent发布到不同渠道前，需注意哪些事项？（ ） ,设置渠道权限,测试多端兼容性,配置消息格式,绑定API密钥,调整头像样式,ABCD
378,多选,Coze平台Agent技能扩展常用方法有哪些？（ ） ,添加插件,升级模型,配置新意图,接入API,更换主题色,ABCD
379,多选,下列哪些操作有助于提升Coze Agent的交互体验？（ ） ,优化对话流程,丰富知识库内容,个性化回复风格,多渠道接入,压缩插件体积,ABCD
380,多选,在Coze平台，Agent可以实现哪些自动化能力？（ ） ,消息自动分发,自动回复,定时任务,自动知识更新,自动硬件驱动,ABCD
381,多选,Agent多轮对话设计时，需关注哪些要点？（ ） ,用户意图识别,流程节点顺序,回复内容清晰,消息上下文管理,随机插入广告,ABCD
382,多选,Coze平台Agent适合应用于哪些场景？（ ） ,智能客服,企业知识库,自动化办公,智能问答,物理设备控制,ABCD
383,多选,下列哪些属于Agent上线后需要持续关注的内容？（ ） ,用户反馈,模型升级,数据安全,渠道运营,主题色搭配,ABCD
384,多选,以下条款属于劳动法规定的必备条款（    ）。,劳动报酬,劳动保护和劳动条件,试用期条款,劳动合同期限,终止合同,ABD
385,多选,网络运营者应当制定网络安全事件应急预案，及时处置（    ）安全风险，在发生危险网络安全的事件时，立即启动应急预案，采取相应的补救措施，并按照规定向有关主管部门报告。,系统漏洞,网络攻击,网络入侵,计算机病毒,系统断电,ABCD
386,多选,修改权是指对软件进行以下操作（    ）。,增补,删节,改变指令,改变语句顺序,标明金额,ABCD
387,多选,中国互联网络信息中心提供互联网络（    ）等有关信息服务。,地址,域名,网络资源目录管理,黑客技术,用户资料,ABC
388,多选, 以下哪些属于多智能体系统的挑战？（ ）                                        , 通信协议                     , 任务分配                       , 数据存储                       , 冲突解决                       ,               , ABD  
389,多选, 智能体的伦理风险包括哪些？（ ）                                              , 隐私泄露                     , 算法偏见                       , 计算速度慢                     , 能源消耗                       ,               , AB   
390,多选, 大模型的典型特点包括：（ ）                                                  , 参数量超过10亿               , 需要大规模数据训练             , 只能处理文本任务               , 具备涌现能力                   ,               , ABD  
391,多选, 大模型可能带来的伦理风险包括：（ ）                                          , 生成有害内容                 , 加剧偏见                       , 侵犯隐私                       , 能源消耗大                     ,               , ABCD 
392,多选, 以下哪些是大模型的典型应用？（ ）                                            , 对话系统                     , 文本生成                       , 代码补全                       , 蛋白质结构预测                 ,               , ABCD 
393,多选, 大模型部署面临的挑战包括：（ ）                                              , 计算资源需求高               , 推理延迟大                     , 模型解释性差                   , 训练数据不可见                 ,               , ABCD 
394,多选,将分布的、异构数据源中的数据抽取至临时中间层后，进行（    ）等操作，最后将数据加载到目标数据库或数据文件。以下选项是正确的。,清洗,转换,继承,抽取,存储,ABC
395,多选,“从以前的结果获取文件”组件在（    ）等处理、使用或者创建一个文件时，文件被捕获并附加到结果。,转换,任务,文件细节,任务条目,字段,ABCD
396,多选,ETL工具在不同的任务和转换环节生成的日志信息，会发送给项目管理人员对任务流程进行（    ），以便维护和优化ETL任务流程。,提取,字段转换,监控,格式化,分析,CE
397,多选,不规则的取值是指对（    ）的使用存在不统一和不规范的问题。,取值,单位,简称,类型,值域,ABC
398,多选,以下选项是插补缺失值的常用方法（    ）。,均值插补,方差插补,同类均值插补,正态分布插补,泊松分布插补,AC
399,多选,以下方法可以用来识别可能代表噪声的离群点（    ）。,数据统计描述,数据可视化,数据异常值剔除,插补缺失值,数据清洗,AB
400,多选,可采用以下方式进行数据平滑（    ）。,分箱,聚类,回归,挖掘,构造,ABC
401,判断,任何职业道德的使用范围都是无限的。（ ） ,正确,错误,,,,B
402,判断,职业道德是个人事业成功的显著标志。（ ） ,正确,错误,,,,B
403,判断,评价职业道德行为只需考虑效果，不必考虑动机。（ ） ,正确,错误,,,,B
404,判断,行业性是职业道德具有的特征之一。（ ） ,正确,错误,,,,A
405,判断,实现企业价值观、经营之道和企业发展战略目标的主体是职工，职工若不能接受企业的价值观和经营之道，不把这种价值观和经营之道落实于生产经营行为之中，企业价值观、经营之道也就只能是空中楼阁，企业发展目标也不可能实现。（ ） ,正确,错误,,,,A
406,判断,企业环境需要由职工来维护和爱护。（ ） ,正确,错误,,,,A
407,判断,职业道德的形式虽行业不同，但形式相同。（ ） ,正确,错误,,,,B
408,判断,树立质量意识是每一个职工劳动者恪守的职业道德。（ ） ,正确,错误,,,,A
409,判断,从业人员即使不喜欢某个工作，也要表现很喜欢的样子，这也是一种爱岗敬业。（ ） ,正确,错误,,,,B
410,判断,爱岗敬业要树立终生学习理念。（ ） ,正确,错误,,,,A
411,判断,ROM为只读存储器，只能读出不能写入。（ ） ,正确,错误,,,,A
412,判断,CPU和存储器合在一起称为主机。（ ） ,正确,错误,,,,B
413,判断,操作系统是对计算机资源进行管理的软件。（ ） ,正确,错误,,,,A
414,判断,分布式系统和网络系统的主要区别是独立性。（ ） ,正确,错误,,,,B
415,判断,以太网中是根据MAC地址区分不同设备。（ ） ,正确,错误,,,,A
416,判断,在计算机网络中，LAN指的是广域网。（ ） ,正确,错误,,,,B
417,判断,计算机病毒只会破坏软盘上的数据和文件。（ ） ,正确,错误,,,,B
418,判断,采用“加密狗”等硬件，可以防止非法拷贝软件。（ ） ,正确,错误,,,,A
419,判断,在动环监控系统的数据库服务器上安装了Windows2003系统，如果要使得BASS2100或者C3M系统的数据库支持4G以上的内存，那么应该安装32位企业版本。（ ） ,正确,错误,,,,B
420,判断,数据库中的数据一致性是指数据类型一致。（ ） ,正确,错误,,,,B
421,判断, 智能体必须具有物理形态。（ ）                                                ,正确,错误,                                ,                                ,               ,B
422,判断, 在强化学习中，AI智能体通过最大化累积奖励来学习最优策略。?（ ）              ,正确,错误,                                ,                                ,               ,A
423,判断,算法测试分析可以通过数据特征组合或者控制部分特征一致等方式，观察其他特征对算法效果的影响程度。（ ） ,正确,错误,,,,A
424,判断,软件测试是指使用人工或自动的手段，来运行或测试某个系统的过程。（ ） ,正确,错误,,,,A
425,判断,软件测试可以按照测试的手段分为手工测试和自动化测试。（ ） ,正确,错误,,,,A
426,判断,针对不同类型的算法需要采取对应的测试方法才能准确地评价模型的性能，如回归算法需要评估其分类结果的正确与否。（ ） ,正确,错误,,,,B
427,判断,回归算法模型的分类指标有平均绝对误差，均值误差，R方值和Recall。（ ） ,正确,错误,,,,B
428,判断,直接聚类法先把各个分类对象单独视为一类，然后根据距离最小的原则，依次选出一对分类对象，并成新类。（ ） ,正确,错误,,,,A
429,判断,下采样是对训练集里面样本数量较少的类别（少数类）进行过采样，合成新的样本来缓解类不平衡。（ ） ,正确,错误,,,,B
430,判断,在模型训练之前，需要将数据按照一定比例划分为训练集和验证集。（ ） ,正确,错误,,,,B
431,判断,人机界面是系统和用户之间进行交互和信息交换的媒介。（ ） ,正确,错误,,,,A
432,判断,人机交互与人机界面是两个完全相同的概念。（ ） ,正确,错误,,,,B
433,判断,设计任何人机界面一般必须考虑系统响应时间、用户求助机制、错误信息处理三个方面。（ ） ,正确,错误,,,,B
434,判断,人机界面设计过程中，建立用户模型时要充分考虑系统映像给出的信息，系统假想必须准确地反映系统的语法和语义信息。（ ） ,正确,错误,,,,B
435,判断,脑电仪系统不属于人机交互系统。（ ） ,正确,错误,,,,B
436,判断,一个交互界面的好坏，直接影响到软件开发的成败。（ ） ,正确,错误,,,,A
437,判断,图形用户界面是指采用图形方式显示的计算机操作用户界面。（ ） ,正确,错误,,,,A
438,判断,图形用户界面设计的目的是实现人机交互。（ ） ,正确,错误,,,,A
439,判断,具有高度一致的用户界面有利于降低培训和支持成本。（ ） ,正确,错误,,,,A
440,判断,界面设计师经常寻找合适的隐喻来进行界面设计，隐喻具有扩展性。（ ） ,正确,错误,,,,B
441,判断,开发融合大数据技术的智能计算平台，是实现海量数据快速有效采集和分析的重要支撑。（ ） ,正确,错误,,,,A
442,判断,针对日志数据进行离线或在线实时采集与处理是目前互联网行业比较常见的业务。（ ） ,正确,错误,,,,A
443,判断,数据标准化不会消除特征之间量纲和取值范围造成的影响。（ ） ,正确,错误,,,,B
444,判断,离差标准化保留了原始数据值之间的联系，是消除量纲和数据取值范围影响最简单的方法，但受离群点影响较大，适用于分布较为均匀的数据。（ ） ,正确,错误,,,,A
445,判断,数据处理是进行数据建模前的一个重要准备步骤，也是构建智能计算平台的一个重要前置步骤。（ ） ,正确,错误,,,,A
446,判断,数据处理为后续建模提供了重要的数据来源，极大影响数据建模结果的有效性和准确性。（ ） ,正确,错误,,,,A
447,判断,数据清洗的目的是过滤或修改不符合要求的数据。（ ） ,正确,错误,,,,A
448,判断,若有缺失值的特征可以转换为连续性特征，则可以将缺失值作为单独的一个类别。（ ） ,正确,错误,,,,B
449,判断,通常缺失值的分布更具有规律性，使用插补的方法及逆行处理可以减少信息的损失。（ ） ,正确,错误,,,,A
450,判断,拉格朗日插值公式结构紧凑。（ ） ,正确,错误,,,,A
451,判断,数据分析模型优化目标函数是使全局损失函数最大。（ ） ,正确,错误,,,,B
452,判断,经验风险可以由训练数据集的激活函数来确定。（ ） ,正确,错误,,,,B
453,判断,K折交叉验证需要将数据集分成k个互不相交的大小不同的数据集。（ ） ,正确,错误,,,,B
454,判断,交叉验证的优点是大大减少了计算量。（ ） ,正确,错误,,,,B
455,判断,两个变量的变化趋势相反时，两个变量之间的协方差是正值。（ ） ,正确,错误,,,,B
456,判断,如果两个变量的变化趋势相反，即其中一个大于自身的期望值，另外一个却小于自身的期望值，那么两个变量之间的协方差就是正直。（ ） ,正确,错误,,,, B
457,判断,标准差能反映一个数据集的聚集程度。（ ） ,正确,错误,,,,B
458,判断,标准误差和观测次数n有关，在实际测量中，观测次数n是无限的，真值只能用最可信赖（最佳）值来代替。（ ） ,正确,错误,,,,B
459,判断,参数估计希望用较少的样本去描述数据的总体分布，可以不用事先知道样本的总体分布。（ ） ,正确,错误,,,,B
460,判断,估计器经过不停的迭代，直到找到最优估计器，此时的模型就具有最优的置信度。（ ） ,正确,错误,,,,A
461,判断,Coze平台支持通过可视化界面快速搭建大模型Agent，无需复杂编程知识。（ ） ,正确,错误,,,,A
462,判断,大模型Agent只能进行简单问答，无法自定义流程和插件。（ ） ,正确,错误,,,,B
463,判断,在Coze平台上，可以为Agent配置不同的大模型能力和插件，满足多样化业务需求。（ ） ,正确,错误,,,,A
464,判断,大模型的推理能力可以通过结构化的Prompt和思维链方法进一步提升。（ ） ,正确,错误,,,,A
465,判断,基于Coze平台搭建的Agent可以集成外部API，实现数据调用和自动化处理。（ ） ,正确,错误,,,,A
466,判断,与时间复杂度类似，空间复杂度是指算法在计算机内执行时所需存储空间的度量。（ ） ,正确,错误,,,,A
467,判断,在Coze平台上发布的Agent可以通过网页、微信、钉钉等多渠道对接用户。（ ） ,正确,错误,,,,A
468,判断,大模型的输出内容无法通过指定格式实现结构化，输出总是非结构化文本。（ ） ,正确,错误,,,,B
469,判断,Coze平台支持对Agent的多轮对话流程进行配置，实现复杂业务逻辑。（ ） ,正确,错误,,,,A
470,判断,推断统计是研究如何利用样本数据来推断总体特征的统计方法。（ ） ,正确,错误,,,,A
471,判断,逻辑回归主要解决回归问题，是一种预测分析。（ ） ,正确,错误,,,,B
472,判断,对逻辑回归算法的效果评估一般采用曲线上面积指标来评价。（ ） ,正确,错误,,,,B
473,判断,纵向对比是不同事物在固定时间上的对比。（ ） ,正确,错误,,,,B
474,判断,不同品类之间的利润高低是一种纵向对比。（ ） ,正确,错误,,,,B
475,判断,大模型的知识获取主要依赖于大规模训练语料，而不是实时互联网检索。（ ） ,正确,错误,,,,A
476,判断,用人单位支付劳动者的工资不得低于当地平均工资标准。（ ） ,正确,错误,,,,B
477,判断,根据我国相关法律法规，劳动者不必缴纳工伤保险费。（ ） ,正确,错误,,,,A
478,判断,国家支持研究开发有利于未成年人健康成长的网络产品和服务，依法惩治利用网络从事危害未成年人身心健康的活动，为未成年人提供安全健康的网络环境。（ ） ,正确,错误,,,,A
479,判断,国家推进网络安全社会化服务体系建设，鼓励有关企业、机构开展网络安全认证，检测和风险评估等安全服务。（ ） ,正确,错误,,,,A
480,判断,软件著作权人不允许他人行使其软件著作权。（ ） ,正确,错误,,,,B
481,判断,发表权是指决定软件是否公之于众的权利。（ ） ,正确,错误,,,,A
482,判断,接入单位拟从事国际联网经营活动的，应当向有权受理从事国际联网经营活动申请的互联单位主管部门或主管单位申请领取国际联网经营许可证，未取得国际联网经营许可证的，不得从事国际联网经营业务。（ ） ,正确,错误,,,,A
483,判断,个人、法人和其他组织使用的计算机或计算机信息网络，需要进行国际联网的，必须通过接入网络进行国际联网。（ ） ,正确,错误,,,,A
484,判断, AI技术的发展完全依赖于大数据。（ ）                                          ,正确,错误,                                ,                                ,               ,B
485,判断, 深度学习模型可以不需要大量的标注数据。（ ）                                  ,正确,错误,                                ,                                ,               ,B
486,判断, AI技术可以完全替代人类进行创造性工作。（ ）                                  ,正确,错误,                                ,                                ,               ,B
487,判断, AI模型一旦训练完成，就不需要再进行更新或调整。（ ）                          ,正确,错误,                                ,                                ,               ,B
488,判断,OpenAI Developer Platform 中创建的 Assistants 可以看作是智能体的一种实现。( ),正确,错误,,,,A
489,判断,智能体必须依赖人类实时干预才能工作。(),正确,错误,,,,B
490,判断,马尔可夫决策过程（MDP）是强化学习的理论基础。(),正确,错误,,,,A
491,判断,智能体的目标函数必须由人类预先完全定义。(),正确,错误,,,,B
492,判断,让大模型扮演专家角色有助于提升输出内容的质量。（ ） ,正确,错误,,,,A
493,判断,分割符号可以帮助模型更好地理解输入部分之间的关系。（ ） ,正确,错误,,,,A
494,判断,指定大模型输出格式能提高结果的结构化和可用性。（ ） ,正确,错误,,,,A
495,判断,零样本提示（Zero-Shot）需要给模型提供多个示例。（ ） ,正确,错误,,,,B
496,判断,少样本提示（Few-Shot）通过给出示例帮助模型理解任务。（ ） ,正确,错误,,,,A
497,判断,思维链方法可以提升大模型的复杂推理能力。（ ） ,正确,错误,,,,A
498,判断,Python解释器主要用于帮助大模型进行数学和逻辑运算。（ ） ,正确,错误,,,,A
499,判断,将复杂任务分解成多个子任务会降低模型整体表现。（ ） ,正确,错误,,,,B
500,判断,结构化Prompt的层级结构可以用Markdown等标识符表示。（ ） ,正确,错误,,,,A
